ID,x,y,說明
1,121.005713,24.841973,a
2,120.943586,24.84917,b
3,121.024334,24.809363,a
4,121.013297,24.822003,b
5,121.016593,24.83019,a
6,121.016217,24.829576,b
7,121.017897,24.831158,a
8,121.008058,24.828512,b
9,121.024166,24.813251,a
10,121.047446,24.807211,b
11,121.033003,24.808507,a
12,121.029054,24.820312,b
13,121.02395,24.820331,a
14,121.022585,24.811634,b
15,121.026292,24.816519,a
16,121.018801,24.819239,b
17,121.030232,24.809168,a
18,121.027828,24.813884,b
19,121.022659,24.809391,a
20,121.025752,24.823676,b
21,121.024642,24.821722,a
22,121.030232,24.809168,b
23,121.022585,24.811634,a
24,121.022589,24.821032,b
25,121.018996,24.840974,a
26,121.02398,24.812601,b
27,121.025142,24.810441,a
28,121.02796,24.819125,b
29,121.029013,24.819708,a
30,121.018801,24.819239,b
31,121.015753,24.819474,a
32,121.011836,24.835235,b
33,121.018801,24.819239,a
34,121.030232,24.809168,b
35,121.015391,24.822245,a
36,121.021774,24.809257,b
37,121.025694,24.811668,a
38,121.00861,24.824871,b
39,121.015611,24.843832,a
40,121.022585,24.811634,b
41,121.028748,24.809964,a
42,121.030232,24.809168,b
43,121.030232,24.809168,a
44,121.035056,24.801695,b
45,121.033163,24.804264,a
46,121.028748,24.809964,b
47,121.033003,24.808507,a
48,121.030232,24.809168,b
49,121.037154,24.80648,a
50,121.030232,24.809168,b
51,121.0304,24.817439,a
52,121.027828,24.813884,b
53,121.0304,24.817439,a
54,121.02398,24.812601,b
55,121.030232,24.809168,a
56,121.016593,24.83019,b
57,121.018801,24.819239,a
58,121.082279,24.745678,b
59,121.082279,24.745678,a
60,121.022585,24.811634,b
61,121.024769,24.811926,a
62,121.010073,24.821124,b
63,120.999391,24.837008,a
64,121.020961,24.812979,b
65,121.03207,24.806204,a
66,121.024769,24.811926,b
67,121.027364,24.810647,a
68,120.991053,24.845741,b
69,121.032702,24.80386,a
70,121.013297,24.822003,b
71,121.030232,24.809168,a
72,121.030232,24.809168,b
73,121.04004,24.805702,a
74,121.018801,24.819239,b
75,121.020961,24.812979,a
76,121.024166,24.813251,b
77,121.022328,24.811343,a
78,121.028956,24.819032,b
79,121.027364,24.810647,a
80,121.056815,24.767488,b
81,121.026292,24.816519,a
82,121.028748,24.809964,b
83,121.030232,24.809168,a
84,121.030232,24.809168,b
85,121.035544,24.807038,a
86,121.026292,24.816519,b
87,121.010073,24.821124,a
88,121.022585,24.811634,b
89,121.079763,24.747583,a
90,121.022589,24.821032,b
91,121.018996,24.840974,a
92,121.027364,24.810647,b
93,121.015381,24.82608,a
94,121.013297,24.822003,b
95,121.021774,24.809257,a
96,121.00861,24.824871,b
97,121.024769,24.811926,a
98,121.02398,24.812601,b
99,121.0334,24.807849,a
100,121.025694,24.811668,b
101,121.030232,24.809168,a
102,121.017815,24.833736,b
103,121.013484,24.820976,a
104,121.016217,24.829576,b
105,121.027364,24.810647,a
106,121.027399,24.809313,b
107,121.027364,24.810647,a
108,121.028748,24.809964,b
109,121.032419,24.807013,a
110,121.04004,24.805702,b
111,121.026292,24.816519,a
112,121.046191,24.809361,b
113,121.050932,24.803045,a
114,121.047446,24.807211,b
115,121.005003,24.838736,a
116,121.046191,24.809361,b
117,121.0577,24.765566,a
118,121.0147,24.82101,b
119,121.041578,24.812346,a
120,121.029447,24.820116,b
121,121.050932,24.803045,a
122,121.011973,24.838986,b
123,121.015913,24.843659,a
124,121.047446,24.807211,b
125,121.051443,24.803153,a
126,121.026487,24.834006,b
127,121.050932,24.803045,a
128,120.961233,24.855283,b
129,121.018271,24.834778,a
130,121.01966,24.835861,b
131,121.029904,24.819102,a
132,121.017579,24.830596,b
133,121.033839,24.822889,a
134,121.004819,24.835898,b
135,121.017533,24.833918,a
136,121.051443,24.803153,b
137,121.01577,24.836998,a
138,121.015186,24.829403,b
139,121.015668,24.837589,a
140,121.018103,24.835895,b
141,121.013484,24.820976,a
142,121.088441,24.736542,b
143,121.005553,24.840503,a
144,121.018801,24.819239,b
145,121.024113,24.821588,a
146,121.025752,24.823676,b
147,121.015047,24.827782,a
148,121.025752,24.823676,b
149,121.010306,24.836845,a
150,121.032604,24.823406,b
151,121.032536,24.823337,a
152,121.099873,24.715227,b
153,121.033003,24.808507,a
154,121.013297,24.822003,b
155,121.033839,24.822889,a
156,121.026932,24.83028,b
157,121.029904,24.819102,a
158,121.010427,24.83883,b
159,121.024113,24.821588,a
160,121.037912,24.813081,b
161,121.033839,24.822889,a
162,121.009134,24.830272,b
163,121.013297,24.822003,a
164,121.033839,24.822889,b
165,121.029904,24.819102,a
166,121.033375,24.823862,b
167,121.034426,24.825207,a
168,121.004776,24.836744,b
169,121.026292,24.816519,a
170,121.024088,24.824104,b
171,121.011973,24.838986,a
172,121.005003,24.838736,b
173,121.004246,24.842276,a
174,121.015381,24.82608,b
175,121.033839,24.822889,a
176,120.999662,24.844732,b
177,121.033839,24.822889,a
178,121.025752,24.823676,b
179,121.033839,24.822889,a
180,121.011328,24.833678,b
181,121.024642,24.821722,a
182,121.024719,24.823074,b
183,121.012496,24.830096,a
184,121.041578,24.812346,b
185,121.028956,24.819032,a
186,121.024719,24.823074,b
187,121.024521,24.822407,a
188,121.024521,24.822407,b
189,121.029013,24.819708,a
190,121.029054,24.820312,b
191,121.029447,24.820116,a
192,121.010421,24.829044,b
193,121.02383,24.813131,a
194,121.026419,24.816395,b
195,121.026419,24.816395,a
196,121.029447,24.820116,b
197,121.029447,24.820116,a
198,121.027197,24.820709,b
199,121.050932,24.803045,a
200,120.982293,24.831814,b
201,120.996848,24.82571,a
202,121.002592,24.840047,b
203,121.025752,24.823676,a
204,121.022673,24.821273,b
205,121.02383,24.813131,a
206,121.016593,24.83019,b
207,121.018801,24.819239,a
208,121.014583,24.82508,b
209,121.013484,24.820976,a
210,121.018593,24.821675,b
211,121.024642,24.821722,a
212,121.021774,24.809257,b
213,121.02953,24.805449,a
214,121.015668,24.837589,b
215,121.006863,24.837632,a
216,121.018801,24.819239,b
217,121.027721,24.819589,a
218,121.007673,24.834636,b
219,121.019813,24.83575,a
220,121.027721,24.819589,b
221,121.015818,24.825938,a
222,121.021774,24.809257,b
223,121.02609,24.821091,a
224,121.008909,24.828419,b
225,121.021774,24.809257,a
226,121.014479,24.824446,b
227,121.015994,24.825693,a
228,121.033839,24.822889,b
229,121.015381,24.82608,a
230,120.996006,24.842643,b
231,121.002176,24.839745,a
232,121.014479,24.824446,b
233,120.998944,24.837189,a
234,121.016217,24.829576,b
235,121.011836,24.835235,a
236,121.015381,24.82608,b
237,121.02609,24.821091,a
238,121.018151,24.829541,b
239,121.033003,24.808507,a
240,121.03829,24.810206,b
241,121.018996,24.840974,a
242,121.024959,24.832287,b
243,121.015047,24.827782,a
244,121.027721,24.819589,b
245,121.019813,24.83575,a
246,121.019813,24.83575,b
247,121.015668,24.837589,a
248,121.015047,24.827782,b
249,121.024632,24.824769,a
250,121.010537,24.836826,b
251,121.025752,24.823676,a
252,121.02398,24.812601,b
253,121.025521,24.820342,a
254,121.03,24.822371,b
255,121.017533,24.833918,a
256,121.018103,24.835895,b
257,121.012591,24.83676,a
258,121.014479,24.824446,b
259,121.007739,24.837662,a
260,121.026292,24.816519,b
261,121.018466,24.81826,a
262,121.017555,24.82637,b
263,121.025752,24.823676,a
264,121.025752,24.823676,b
265,121.035313,24.812096,a
266,121.050568,24.771985,b
267,121.024632,24.824769,a
268,121.024632,24.824769,b
269,121.0263,24.83335,a
270,121.024642,24.821722,b
271,121.022585,24.811634,a
272,121.017815,24.833736,b
273,121.018996,24.840974,a
274,121.017897,24.831158,b
275,121.002394,24.831582,a
276,121.02398,24.812601,b
277,121.02398,24.812601,a
278,121.04004,24.805702,b
279,121.025752,24.823676,a
280,121.024113,24.821588,b
281,121.02395,24.820331,a
282,121.018801,24.819239,b
283,121.022065,24.810741,a
284,121.018996,24.840974,b
285,121.022659,24.809391,a
286,121.02609,24.821091,b
287,121.016593,24.83019,a
288,121.033117,24.811649,b
289,120.999391,24.837008,a
290,121.028956,24.819032,b
291,121.026419,24.816395,a
292,121.031634,24.815433,b
293,121.026931,24.812776,a
294,121.032117,24.812926,b
295,121.027828,24.813884,a
296,121.02841,24.817371,b
297,121.01577,24.836998,a
298,121.011973,24.838986,b
299,121.004819,24.835898,a
300,121.002176,24.839745,b
301,121.027828,24.813884,a
302,121.030232,24.809168,b
303,121.031088,24.804043,a
304,121.031487,24.80991,b
305,121.011832,24.834526,a
306,121.011832,24.834526,b
307,121.005995,24.844275,a
308,121.010537,24.836826,b
309,121.0147,24.82101,a
310,121.012591,24.83676,b
311,121.014583,24.82508,a
312,121.009516,24.820135,b
313,121.011328,24.833678,a
314,120.991826,24.84291,b
315,120.996615,24.840285,a
316,120.990747,24.846099,b
317,121.004188,24.842383,a
318,121.02796,24.819125,b
319,121.001905,24.855003,a
320,121.012453,24.831161,b
321,121.012496,24.830096,a
322,121.04004,24.805702,b
323,121.005713,24.841973,a
324,121.010306,24.836845,b
325,121.04049,24.799808,a
326,121.037223,24.806496,b
327,121.006667,24.836178,a
328,121.006863,24.837632,b
329,120.965154,24.842968,a
330,121.02022,24.830141,b
331,120.960016,24.865771,a
332,120.965874,24.86317,b
333,121.006409,24.828649,a
334,121.019813,24.83575,b
335,120.999391,24.837008,a
336,121.02022,24.830141,b
337,121.005713,24.841973,a
338,121.02022,24.830141,b
339,121.056894,24.766962,a
340,121.005995,24.844275,b
341,121.009634,24.837647,a
342,120.997436,24.847574,b
343,121.00053,24.844328,a
344,121.00395,24.841477,b
345,121.005553,24.840503,a
346,121.015381,24.82608,b
347,121.091293,24.741294,a
348,120.997436,24.847574,b
349,120.955196,24.84209,a
350,120.959602,24.865771,b
351,120.948543,24.851248,a
352,120.968669,24.863307,b
353,120.961143,24.861973,a
354,120.968669,24.863307,b
355,120.951942,24.86296,a
356,120.951342,24.86195,b
357,120.955196,24.84209,a
358,121.005713,24.841973,b
359,120.951942,24.86296,a
360,120.961143,24.861973,b
361,120.961143,24.861973,a
362,120.967631,24.847794,b
363,120.961143,24.861973,a
364,121.013297,24.822003,b
365,120.999391,24.837008,a
366,120.965874,24.86317,b
367,120.951342,24.86195,a
368,120.996848,24.82571,b
369,121.015381,24.82608,a
370,121.096606,24.721915,b
371,120.955196,24.84209,a
372,120.975612,24.840798,b
373,121.002365,24.839933,a
374,120.960016,24.865771,b
375,120.948543,24.851248,a
376,120.951342,24.86195,b
377,121.01577,24.836998,a
378,121.002088,24.827722,b
379,120.999391,24.837008,a
380,121.021992,24.819575,b
381,121.016348,24.816197,a
382,121.00861,24.824871,b
383,121.012702,24.834358,a
384,121.01988,24.829308,b
385,121.015432,24.826498,a
386,121.024321,24.813867,b
387,121.018593,24.821675,a
388,121.022673,24.821273,b
389,121.086692,24.727005,a
390,121.033839,24.822889,b
391,121.018466,24.81826,a
392,121.027828,24.813884,b
393,121.024166,24.813251,a
394,121.022591,24.82043,b
395,121.022589,24.821032,a
396,121.0098,24.820834,b
397,121.022033,24.819869,a
398,121.004784,24.848171,b
399,121.025752,24.823676,a
400,121.01877,24.818733,b
401,121.018801,24.819239,a
402,121.022834,24.820766,b
403,121.022033,24.819869,a
404,121.022033,24.819869,b
405,121.027828,24.813884,a
406,121.018801,24.819239,b
407,121.015774,24.814834,a
408,121.01877,24.818733,b
409,121.016525,24.824998,a
410,121.016217,24.829576,b
411,121.025521,24.820342,a
412,121.025958,24.830661,b
413,121.018801,24.819239,a
414,121.015381,24.82608,b
415,121.022033,24.819869,a
416,121.025752,24.823676,b
417,121.015047,24.827782,a
418,120.998636,24.841499,b
419,121.018801,24.819239,a
420,120.999256,24.829037,b
421,120.999217,24.831328,a
422,121.084691,24.736779,b
423,121.030024,24.817404,a
424,121.017579,24.830596,b
425,121.019572,24.828919,a
426,121.094849,24.724421,b
427,121.034748,24.80893,a
428,121.013297,24.822003,b
429,120.996849,24.825931,a
430,121.029951,24.826536,b
431,121.092931,24.727608,a
432,121.016348,24.816197,b
433,121.013484,24.820976,a
434,121.035146,24.814157,b
435,121.022591,24.82043,a
436,121.0293,24.822526,b
437,121.026932,24.83028,a
438,121.015753,24.819474,b
439,121.010909,24.823041,a
440,121.030166,24.824593,b
441,121.020599,24.815648,a
442,121.035894,24.811763,b
443,121.020599,24.815648,a
444,121.02383,24.813131,b
445,121.016217,24.829576,a
446,121.088526,24.733167,b
447,121.013157,24.830442,a
448,121.002728,24.846531,b
449,121.01688,24.829055,a
450,121.03193,24.80311,b
451,121.001732,24.83952,a
452,121.085246,24.739902,b
453,121.083586,24.744031,a
454,121.020406,24.81629,b
455,121.034707,24.777689,a
456,121.03412,24.824084,b
457,121.004776,24.836744,a
458,121.026827,24.829028,b
459,121.025521,24.820342,a
460,121.018801,24.819239,b
461,121.018151,24.829541,a
462,121.022591,24.82043,b
463,121.018593,24.821675,a
464,121.013484,24.820976,b
465,120.996006,24.842643,a
466,121.037223,24.806496,b
467,121.015381,24.82608,a
468,121.033067,24.806036,b
469,121.04149,24.804414,a
470,121.015774,24.814834,b
471,121.016525,24.824998,a
472,121.013297,24.822003,b
473,121.025289,24.826167,a
474,121.091002,24.737073,b
475,121.03291,24.802514,a
476,121.025752,24.823676,b
477,120.999391,24.837008,a
478,121.027828,24.813884,b
479,121.013297,24.822003,a
480,121.008909,24.828419,b
481,121.018593,24.821675,a
482,121.014583,24.82508,b
483,121.02395,24.820331,a
484,121.02609,24.821091,b
485,121.02609,24.821091,a
486,121.018801,24.819239,b
487,121.01009,24.83083,a
488,121.011328,24.833678,b
489,121.095667,24.736152,a
490,121.018593,24.821675,b
491,121.024113,24.821588,a
492,121.027736,24.825815,b
493,120.975902,24.844293,a
494,120.960016,24.865771,b
495,120.983584,24.853502,a
496,121.014583,24.82508,b
497,120.999391,24.837008,a
498,120.991826,24.84291,b
499,121.019758,24.846439,a
500,120.976408,24.847833,b
501,121.004819,24.835898,a
502,121.005553,24.840503,b
503,120.999391,24.837008,a
504,120.97539,24.842503,b
505,120.983584,24.853502,a
506,120.990447,24.833147,b
507,120.983584,24.853502,a
508,120.979116,24.845866,b
509,121.00395,24.841477,a
510,121.007739,24.837662,b
511,121.018996,24.840974,a
512,120.983584,24.853502,b
513,120.969523,24.846651,a
514,121.013806,24.843643,b
515,120.976408,24.847833,a
516,121.008579,24.836105,b
517,120.980072,24.843255,a
518,121.010969,24.832802,b
519,120.983904,24.853847,a
520,121.005154,24.843481,b
521,120.984786,24.842834,a
522,121.027828,24.813884,b
523,120.977259,24.849995,a
524,120.998944,24.837189,b
525,120.998944,24.837189,a
526,120.998944,24.837189,b
527,120.999391,24.837008,a
528,120.999391,24.837008,b
529,120.998636,24.841499,a
530,121.017897,24.831158,b
531,121.002592,24.840047,a
532,121.00175,24.840195,b
533,120.996848,24.82571,a
534,121.019276,24.835211,b
535,121.0096,24.836322,a
536,121.014583,24.82508,b
537,120.999819,24.83739,a
538,121.015391,24.822245,b
539,120.999391,24.837008,a
540,120.999391,24.837008,b
541,121.024113,24.821588,a
542,121.003736,24.842561,b
543,121.003292,24.841273,a
544,121.033003,24.808507,b
545,120.951942,24.86296,a
546,120.991053,24.845741,b
547,121.02796,24.819125,a
548,121.01577,24.836998,b
549,121.047446,24.807211,a
550,120.997436,24.847574,b
551,121.004188,24.842383,a
552,121.013806,24.843643,b
553,120.988132,24.843219,a
554,120.960016,24.865771,b
555,121.01879,24.833166,a
556,120.975612,24.840798,b
557,121.019813,24.83575,a
558,121.004188,24.842383,b
559,120.997436,24.847574,a
560,121.012496,24.830096,b
561,121.026555,24.82808,a
562,120.999662,24.844732,b
563,121.013297,24.822003,a
564,121.013484,24.820976,b
565,121.002365,24.839933,a
566,121.015391,24.822245,b
567,121.003292,24.841273,a
568,120.965154,24.842968,b
569,121.092216,24.730102,a
570,120.997436,24.847574,b
571,121.027828,24.813884,a
572,120.999217,24.831328,b
573,121.005659,24.841109,a
574,121.016593,24.83019,b
575,121.047446,24.807211,a
576,120.997436,24.847574,b
577,120.997436,24.847574,a
578,121.002592,24.840047,b
579,121.005553,24.840503,a
580,120.991826,24.84291,b
581,121.000012,24.849382,a
582,121.002592,24.840047,b
583,121.02398,24.812601,a
584,121.002365,24.839933,b
585,121.027721,24.819589,a
586,121.015381,24.82608,b
587,121.018996,24.840974,a
588,120.997436,24.847574,b
589,120.999391,24.837008,a
590,121.002365,24.839933,b
591,121.011328,24.833678,a
592,121.002365,24.839933,b
593,120.976066,24.840848,a
594,120.995146,24.843231,b
595,121.002592,24.840047,a
596,121.009165,24.83456,b
597,121.004188,24.842383,a
598,121.005995,24.844275,b
599,121.002088,24.827722,a
600,121.014328,24.844955,b
601,120.999012,24.837087,a
602,120.997436,24.847574,b
603,121.037154,24.80648,a
604,121.010459,24.827705,b
605,121.005003,24.838736,a
606,121.011836,24.835235,b
607,121.004936,24.839546,a
608,121.013297,24.822003,b
609,120.997436,24.847574,a
610,121.015381,24.82608,b
611,121.014029,24.835259,a
612,121.019813,24.83575,b
613,121.000223,24.840909,a
614,121.004826,24.840708,b
615,120.997436,24.847574,a
616,121.002238,24.842181,b
617,121.010427,24.83883,a
618,121.000939,24.838916,b
619,121.001442,24.848834,a
620,121.000691,24.838604,b
621,121.01577,24.836998,a
622,120.998636,24.841499,b
623,120.999819,24.83739,a
624,121.021774,24.809257,b
625,121.001649,24.847931,a
626,120.989406,24.832283,b
627,121.014583,24.82508,a
628,121.007106,24.839412,b
629,120.998944,24.837189,a
630,120.998636,24.841499,b
631,120.994244,24.841542,a
632,121.004188,24.842383,b
633,120.968669,24.863307,a
634,120.996006,24.842643,b
635,121.002365,24.839933,a
636,120.997436,24.847574,b
637,121.083972,24.733452,a
638,121.002176,24.839745,b
639,120.999217,24.831328,a
640,120.999217,24.831328,b
641,121.056815,24.767488,a
642,120.975612,24.840798,b
643,120.996848,24.82571,a
644,120.999217,24.831328,b
645,121.013297,24.822003,a
646,120.997436,24.847574,b
647,121.040915,24.809417,a
648,121.013297,24.822003,b
649,120.980335,24.845124,a
650,121.016217,24.829576,b
651,121.015381,24.82608,a
652,121.010459,24.827705,b
653,121.005713,24.841973,a
654,121.02769,24.82933,b
655,121.096253,24.72207,a
656,121.015381,24.82608,b
657,121.008579,24.836105,a
658,121.009134,24.830272,b
659,120.999217,24.831328,a
660,121.026451,24.834227,b
661,121.008579,24.836105,a
662,121.010072,24.836346,b
663,120.999217,24.831328,a
664,121.010421,24.829044,b
665,120.999217,24.831328,a
666,121.002394,24.831582,b
667,121.01577,24.836998,a
668,121.067881,24.757913,b
669,120.965874,24.86317,a
670,120.949094,24.848157,b
671,120.943312,24.851477,a
672,120.948792,24.850886,b
673,121.001905,24.855003,a
674,120.965139,24.842153,b
675,120.949317,24.849147,a
676,120.942392,24.850602,b
677,120.999391,24.837008,a
678,121.015381,24.82608,b
679,120.990447,24.833147,a
680,120.960016,24.865771,b
681,120.961164,24.876555,a
682,120.957705,24.841672,b
683,120.965139,24.842153,a
684,121.002592,24.840047,b
685,120.982921,24.858507,a
686,121.007673,24.834636,b
687,121.008579,24.836105,a
688,121.001442,24.848834,b
689,121.014479,24.824446,a
690,120.972961,24.839691,b
691,121.077217,24.752233,a
692,120.974686,24.842141,b
693,120.975612,24.840798,a
694,121.086622,24.74016,b
695,121.086622,24.74016,a
696,121.005003,24.838736,b
697,120.997436,24.847574,a
698,120.980072,24.843255,b
699,121.037223,24.806496,a
700,121.042968,24.803305,b
701,121.014479,24.824446,a
702,121.030232,24.809168,b
703,121.033839,24.822889,a
704,121.04004,24.805702,b
705,121.034917,24.80728,a
706,121.039921,24.801946,b
707,121.046991,24.802636,a
708,121.01577,24.836998,b
709,121.051681,24.802257,a
710,121.02398,24.812601,b
711,121.027828,24.813884,a
712,121.02383,24.813131,b
713,121.039861,24.801127,a
714,121.037219,24.80579,b
715,121.040598,24.800529,a
716,121.037703,24.805129,b
717,121.038016,24.803525,a
718,121.047446,24.807211,b
719,121.018638,24.835012,a
720,121.010121,24.823461,b
721,121.04049,24.799808,a
722,121.050568,24.771985,b
723,121.047446,24.807211,a
724,121.036487,24.807223,b
725,121.033003,24.808507,a
726,121.037154,24.80648,b
727,121.03,24.822371,a
728,121.016217,24.829576,b
729,121.012496,24.830096,a
730,121.01009,24.83083,b
731,121.037703,24.805129,a
732,121.01577,24.836998,b
733,121.096168,24.722372,a
734,121.024769,24.811926,b
735,121.04004,24.805702,a
736,121.030232,24.809168,b
737,121.007118,24.830415,a
738,121.008539,24.835696,b
739,121.007118,24.830415,a
740,121.008539,24.835696,b
741,121.008386,24.837381,a
742,121.008579,24.836105,b
743,121.019978,24.829536,a
744,121.014479,24.824446,b
745,121.012496,24.830096,a
746,121.01577,24.836998,b
747,121.017815,24.833736,a
748,121.018996,24.840974,b
749,121.00726,24.834832,a
750,121.010421,24.829044,b
751,120.961369,24.856288,a
752,121.015381,24.82608,b
753,121.019572,24.828919,a
754,121.011632,24.834443,b
755,121.019572,24.828919,a
756,121.016514,24.830068,b
757,121.008386,24.837381,a
758,121.020921,24.837619,b
759,121.005713,24.841973,a
760,120.992639,24.850428,b
761,120.989406,24.832283,a
762,121.088526,24.733167,b
763,121.008579,24.836105,a
764,120.995146,24.843231,b
765,121.01577,24.836998,a
766,121.030232,24.809168,b
767,121.017231,24.826395,a
768,121.02383,24.813131,b
769,121.011836,24.835235,a
770,121.025752,24.823676,b
771,121.014479,24.824446,a
772,121.01577,24.836998,b
773,121.01577,24.836998,a
774,120.999391,24.837008,b
775,121.01577,24.836998,a
776,121.015381,24.82608,b
777,121.019978,24.829536,a
778,121.029013,24.819708,b
779,121.014479,24.824446,a
780,121.005003,24.838736,b
781,121.015381,24.82608,a
782,121.014583,24.82508,b
783,121.013297,24.822003,a
784,121.015994,24.825693,b
785,121.016217,24.829576,a
786,121.016217,24.829576,b
787,121.015818,24.825938,a
788,121.025752,24.823676,b
789,121.025752,24.823676,a
790,121.04004,24.805702,b
791,121.024521,24.822407,a
792,121.015381,24.82608,b
793,121.019813,24.83575,a
794,121.016217,24.829576,b
795,121.026292,24.816519,a
796,121.086773,24.742467,b
797,121.027828,24.813884,a
798,121.005553,24.840503,b
799,121.00412,24.836963,a
800,121.019978,24.829536,b
801,121.004819,24.835898,a
802,121.012496,24.830096,b
803,121.019813,24.83575,a
804,121.013297,24.822003,b
805,121.01988,24.829308,a
806,121.018801,24.819239,b
807,121.018996,24.840974,a
808,121.020571,24.831464,b
809,121.026487,24.834006,a
810,121.014583,24.82508,b
811,121.026487,24.834006,a
812,121.019572,24.828919,b
813,121.000834,24.828399,a
814,120.999217,24.831328,b
815,120.999217,24.831328,a
816,121.02022,24.830141,b
817,121.015381,24.82608,a
818,121.015668,24.837589,b
819,121.01988,24.829308,a
820,121.0208,24.831931,b
821,121.020921,24.837619,a
822,121.03,24.822371,b
823,121.04004,24.805702,a
824,121.015668,24.837589,b
825,121.016217,24.829576,a
826,121.016217,24.829576,b
827,121.020921,24.837619,a
828,121.020547,24.831108,b
829,121.017579,24.830596,a
830,121.035313,24.812096,b
831,121.01577,24.836998,a
832,121.019813,24.83575,b
833,121.019978,24.829536,a
834,121.005003,24.838736,b
835,121.018593,24.821675,a
836,121.019978,24.829536,b
837,121.018996,24.840974,a
838,121.0577,24.765566,b
839,121.05562,24.768298,a
840,121.0577,24.765566,b
841,121.026487,24.834006,a
842,121.02609,24.821091,b
843,121.051535,24.771695,a
844,121.058991,24.765395,b
845,121.067881,24.757913,a
846,121.086692,24.727005,b
847,121.096253,24.72207,a
848,121.092931,24.727608,b
849,121.092931,24.727608,a
850,121.096262,24.719987,b
851,121.094849,24.724421,a
852,121.086692,24.727005,b
853,121.019356,24.833296,a
854,121.010488,24.82606,b
855,121.089292,24.730528,a
856,121.086692,24.727005,b
857,121.090512,24.7313,a
858,121.082417,24.74333,b
859,121.082417,24.74333,a
860,121.080379,24.748563,b
861,121.015381,24.82608,a
862,121.015047,24.827782,b
863,121.082421,24.748457,a
864,121.080613,24.747594,b
865,121.088757,24.744717,a
866,121.090873,24.737162,b
867,121.090435,24.738715,a
868,121.091002,24.737073,b
869,121.009653,24.83918,a
870,121.094026,24.737928,b
871,121.085972,24.738564,a
872,121.086444,24.738019,b
873,121.085115,24.739992,a
874,121.084691,24.736779,b
875,121.085388,24.740191,a
876,121.101694,24.722924,b
877,121.099279,24.72374,a
878,121.096624,24.722127,b
879,121.094795,24.723784,a
880,121.090503,24.733156,b
881,121.08986,24.732797,a
882,121.027717,24.780384,b
883,121.03057,24.782032,a
884,121.087632,24.736697,b
885,121.08761,24.736229,a
886,121.083572,24.734547,b
887,121.084255,24.745439,a
888,121.081965,24.746004,b
889,121.086622,24.74016,a
890,121.086622,24.74016,b
891,121.084588,24.742791,a
892,121.082079,24.746529,b
893,121.086773,24.742467,a
894,121.094419,24.725408,b
895,121.087224,24.740484,a
896,121.088765,24.737631,b
897,121.087868,24.738844,a
898,121.089155,24.738022,b
899,121.050568,24.771985,a
900,121.031404,24.781887,b
901,121.034392,24.778946,a
902,121.034707,24.777689,b
903,121.04004,24.805702,a
904,121.044805,24.765183,b
905,121.044805,24.765183,a
906,121.029877,24.782051,b
907,121.095855,24.735539,a
908,121.088757,24.744717,b
909,121.089518,24.732615,a
910,121.091135,24.733932,b
911,121.092702,24.733114,a
912,121.092018,24.738764,b
913,121.088704,24.736586,a
914,121.097534,24.730805,b
915,121.092015,24.734164,a
916,121.013484,24.820976,b
917,121.013297,24.822003,a
918,121.019813,24.83575,b
919,121.022673,24.821273,a
920,121.028956,24.819032,b
921,121.009634,24.837647,a
922,121.015158,24.82845,b
923,120.999391,24.837008,a
924,121.04004,24.805702,b
925,121.013484,24.820976,a
926,121.010421,24.829044,b
927,121.014583,24.82508,a
928,121.01688,24.829055,b
929,120.999391,24.837008,a
930,121.007929,24.839001,b
931,121.015047,24.827782,a
932,121.024719,24.823074,b
933,121.024033,24.819018,a
934,121.025752,24.823676,b
935,121.024521,24.822407,a
936,121.024113,24.821588,b
937,121.02632,24.821499,a
938,121.01879,24.833166,b
939,121.033839,24.822889,a
940,121.024088,24.824104,b
941,121.024521,24.822407,a
942,121.024088,24.824104,b
943,121.024113,24.821588,a
944,121.021774,24.809257,b
945,121.022591,24.82043,a
946,121.024521,24.822407,b
947,121.024521,24.822407,a
948,121.025752,24.823676,b
949,121.025752,24.823676,a
950,121.02395,24.820331,b
951,121.024719,24.823074,a
952,121.024521,24.822407,b
953,121.0577,24.765566,a
954,121.024632,24.824769,b
955,121.024521,24.822407,a
956,121.012585,24.84232,b
957,121.024719,24.823074,a
958,121.022589,24.821032,b
959,121.022589,24.821032,a
960,121.024719,24.823074,b
961,121.024521,24.822407,a
962,121.027197,24.820709,b
963,120.999391,24.837008,a
964,121.032117,24.812926,b
965,121.02383,24.813131,a
966,121.024088,24.824104,b
967,121.015753,24.819474,a
968,121.024642,24.821722,b
969,121.016593,24.83019,a
970,121.025752,24.823676,b
971,121.033003,24.808507,a
972,121.026943,24.811667,b
973,121.024719,24.823074,a
974,121.025752,24.823676,b
975,121.029904,24.819102,a
976,121.029447,24.820116,b
977,121.025752,24.823676,a
978,121.022033,24.819869,b
979,121.018996,24.840974,a
980,121.010421,24.829044,b
981,121.016593,24.83019,a
982,121.027051,24.816695,b
983,121.018151,24.829541,a
984,121.08755,24.736167,b
985,121.024632,24.824769,a
986,121.024751,24.825589,b
987,121.013297,24.822003,a
988,121.027828,24.813884,b
989,121.014479,24.824446,a
990,121.024113,24.821588,b
991,121.024751,24.825589,a
992,121.017815,24.833736,b
993,121.025289,24.826167,a
994,121.026419,24.816395,b
995,121.010421,24.829044,a
996,121.025752,24.823676,b
997,121.013484,24.820976,a
998,121.029013,24.819708,b
999,121.03193,24.80311,a
1000,121.024642,24.821722,b
1001,121.018593,24.821675,a
1002,121.02248,24.820816,b
1003,121.018593,24.821675,a
1004,121.024751,24.825589,b
1005,120.997436,24.847574,a
1006,121.02395,24.820331,b
1007,121.037703,24.805129,a
1008,121.004776,24.836744,b
1009,121.024113,24.821588,a
1010,121.025752,24.823676,b
1011,121.024113,24.821588,a
1012,121.025752,24.823676,b
1013,121.025752,24.823676,a
1014,120.999226,24.850393,b
1015,121.024632,24.824769,a
1016,121.033003,24.808507,b
1017,121.030232,24.809168,a
1018,121.02609,24.821091,b
1019,121.027197,24.820709,a
1020,121.022589,24.821032,b
1021,121.025289,24.826167,a
1022,121.025752,24.823676,b
1023,121.027197,24.820709,a
1024,121.027197,24.820709,b
1025,121.013297,24.822003,a
1026,121.022834,24.820766,b
1027,121.024719,24.823074,a
1028,121.024642,24.821722,b
1029,121.053044,24.804481,a
1030,121.025752,24.823676,b
1031,121.02609,24.821091,a
1032,121.015047,24.827782,b
1033,121.025752,24.823676,a
1034,121.018801,24.819239,b
1035,121.022585,24.811634,a
1036,121.03,24.822371,b
1037,121.015818,24.825938,a
1038,121.024632,24.824769,b
1039,121.015391,24.822245,a
1040,121.029447,24.820116,b
1041,121.027721,24.819589,a
1042,121.024719,24.823074,b
1043,121.005003,24.838736,a
1044,121.024719,24.823074,b
1045,121.025752,24.823676,a
1046,121.02609,24.821091,b
1047,121.024113,24.821588,a
1048,121.036502,24.776352,b
1049,121.026487,24.834006,a
1050,121.00786,24.840482,b
1051,121.024113,24.821588,a
1052,121.024751,24.825589,b
1053,121.027721,24.819589,a
1054,121.024172,24.821767,b
1055,121.02609,24.821091,a
1056,121.025752,24.823676,b
1057,121.024642,24.821722,a
1058,121.026905,24.820708,b
1059,121.025752,24.823676,a
1060,121.026294,24.823939,b
1061,121.024632,24.824769,a
1062,121.024751,24.825589,b
1063,121.018996,24.840974,a
1064,121.007673,24.834636,b
1065,121.024642,24.821722,a
1066,121.025752,24.823676,b
1067,121.024751,24.825589,a
1068,121.018996,24.840974,b
1069,121.019813,24.83575,a
1070,121.024632,24.824769,b
1071,121.024642,24.821722,a
1072,121.024113,24.821588,b
1073,121.02796,24.819125,a
1074,121.025752,24.823676,b
1075,121.025694,24.811668,a
1076,121.029013,24.819708,b
1077,121.030232,24.809168,a
1078,121.021774,24.809257,b
1079,121.019572,24.828919,a
1080,121.018801,24.819239,b
1081,121.005713,24.841973,a
1082,121.02609,24.821091,b
1083,121.024113,24.821588,a
1084,121.024632,24.824769,b
1085,121.025521,24.820342,a
1086,121.018593,24.821675,b
1087,121.017231,24.826395,a
1088,121.024751,24.825589,b
1089,121.015753,24.819474,a
1090,121.037154,24.80648,b
1091,121.013297,24.822003,a
1092,121.02609,24.821091,b
1093,121.03,24.822371,a
1094,121.018801,24.819239,b
1095,121.024751,24.825589,a
1096,121.027197,24.820709,b
1097,121.024088,24.824104,a
1098,121.014583,24.82508,b
1099,121.015186,24.829403,a
1100,121.024088,24.824104,b
1101,121.03251,24.814431,a
1102,121.014583,24.82508,b
1103,121.010459,24.827705,a
1104,121.0147,24.82101,b
1105,121.005713,24.841973,a
1106,121.011836,24.835235,b
1107,121.016593,24.83019,a
1108,121.018801,24.819239,b
1109,121.025752,24.823676,a
1110,121.02395,24.820331,b
1111,121.024751,24.825589,a
1112,121.025752,24.823676,b
1113,121.02672,24.816264,a
1114,121.024719,24.823074,b
1115,121.025752,24.823676,a
1116,121.01528,24.818135,b
1117,121.025752,24.823676,a
1118,121.027471,24.822918,b
1119,121.029904,24.819102,a
1120,121.019813,24.83575,b
1121,121.021774,24.809257,a
1122,121.096143,24.718418,b
1123,121.024172,24.821767,a
1124,121.024113,24.821588,b
1125,121.029904,24.819102,a
1126,121.003533,24.853504,b
1127,120.991687,24.857011,a
1128,120.991687,24.857011,b
1129,121.018996,24.840974,a
1130,121.015381,24.82608,b
1131,121.001905,24.855003,a
1132,120.991687,24.857011,b
1133,121.025752,24.823676,a
1134,120.982921,24.858507,b
1135,121.001905,24.855003,a
1136,120.961143,24.861973,b
1137,120.961143,24.861973,a
1138,120.955196,24.84209,b
1139,121.027828,24.813884,a
1140,121.018801,24.819239,b
1141,121.018801,24.819239,a
1142,121.016593,24.83019,b
1143,121.018801,24.819239,a
1144,121.018801,24.819239,b
1145,121.015913,24.843659,a
1146,121.047446,24.807211,b
1147,121.025752,24.823676,a
1148,121.025752,24.823676,b
1149,121.022589,24.821032,a
1150,120.996848,24.82571,b
1151,121.017533,24.833918,a
1152,121.024166,24.813251,b
1153,121.028511,24.816108,a
1154,121.016755,24.830447,b
1155,121.037223,24.806496,a
1156,121.028956,24.819032,b
1157,121.015381,24.82608,a
1158,121.030232,24.809168,b
1159,121.002592,24.840047,a
1160,121.018801,24.819239,b
1161,121.019813,24.83575,a
1162,121.059074,24.765733,b
1163,121.017533,24.833918,a
1164,121.026419,24.816395,b
1165,121.024113,24.821588,a
1166,121.086692,24.727005,b
1167,121.014583,24.82508,a
1168,121.017533,24.833918,b
1169,121.021774,24.809257,a
1170,121.026292,24.816519,b
1171,121.030024,24.817404,a
1172,121.01577,24.836998,b
1173,121.005713,24.841973,a
1174,121.018996,24.840974,b
1175,121.018801,24.819239,a
1176,121.007673,24.834636,b
1177,121.013297,24.822003,a
1178,121.0304,24.817439,b
1179,121.047446,24.807211,a
1180,121.027828,24.813884,b
1181,121.027828,24.813884,a
1182,121.026943,24.811667,b
1183,121.027828,24.813884,a
1184,121.013297,24.822003,b
1185,121.04004,24.805702,a
1186,121.026292,24.816519,b
1187,121.089518,24.732615,a
1188,121.018801,24.819239,b
1189,121.03251,24.814431,a
1190,121.024166,24.813251,b
1191,121.019813,24.83575,a
1192,121.03251,24.814431,b
1193,121.030024,24.817404,a
1194,121.015381,24.82608,b
1195,121.015381,24.82608,a
1196,121.002088,24.827722,b
1197,121.018801,24.819239,a
1198,120.999391,24.837008,b
1199,121.022673,24.821273,a
1200,121.030024,24.817404,b
1201,121.030045,24.815467,a
1202,121.031634,24.815433,b
1203,121.026943,24.811667,a
1204,121.026292,24.816519,b
1205,121.026093,24.816839,a
1206,121.030232,24.809168,b
1207,121.027828,24.813884,a
1208,121.031634,24.815433,b
1209,121.015818,24.825938,a
1210,121.016217,24.829576,b
1211,121.037106,24.81068,a
1212,121.007739,24.837662,b
1213,121.030045,24.815467,a
1214,121.018801,24.819239,b
1215,121.0304,24.817439,a
1216,121.0304,24.817439,b
1217,121.04004,24.805702,a
1218,121.031634,24.815433,b
1219,121.028956,24.819032,a
1220,121.029447,24.820116,b
1221,121.013297,24.822003,a
1222,121.033003,24.808507,b
1223,121.022589,24.821032,a
1224,121.01558,24.834969,b
1225,121.015381,24.82608,a
1226,121.027828,24.813884,b
1227,121.0208,24.831931,a
1228,121.027828,24.813884,b
1229,121.018801,24.819239,a
1230,121.027828,24.813884,b
1231,121.018801,24.819239,a
1232,121.027828,24.813884,b
1233,121.018801,24.819239,a
1234,121.027828,24.813884,b
1235,121.02841,24.817371,a
1236,121.022673,24.821273,b
1237,121.02398,24.812601,a
1238,121.027828,24.813884,b
1239,121.02398,24.812601,a
1240,121.031634,24.815433,b
1241,121.022673,24.821273,a
1242,121.01577,24.836998,b
1243,120.999391,24.837008,a
1244,121.027828,24.813884,b
1245,121.027828,24.813884,a
1246,121.026487,24.834006,b
1247,121.026487,24.834006,a
1248,121.015391,24.822245,b
1249,121.031634,24.815433,a
1250,121.016593,24.83019,b
1251,121.026943,24.811667,a
1252,121.02841,24.817371,b
1253,121.047668,24.774329,a
1254,121.032117,24.812926,b
1255,121.026292,24.816519,a
1256,121.013297,24.822003,b
1257,121.018593,24.821675,a
1258,121.015391,24.822245,b
1259,121.019572,24.828919,a
1260,121.024632,24.824769,b
1261,121.00861,24.824871,a
1262,121.014479,24.824446,b
1263,121.02796,24.819125,a
1264,121.019813,24.83575,b
1265,121.025752,24.823676,a
1266,121.027583,24.819477,b
1267,121.025752,24.823676,a
1268,121.027721,24.819589,b
1269,121.027828,24.813884,a
1270,121.04004,24.805702,b
1271,121.016217,24.829576,a
1272,121.027828,24.813884,b
1273,121.025752,24.823676,a
1274,121.037154,24.80648,b
1275,121.026292,24.816519,a
1276,121.015913,24.843659,b
1277,121.015913,24.843659,a
1278,120.975612,24.840798,b
1279,121.025752,24.823676,a
1280,121.018801,24.819239,b
1281,121.014479,24.824446,a
1282,121.02796,24.819125,b
1283,121.026292,24.816519,a
1284,121.025752,24.823676,b
1285,121.024113,24.821588,a
1286,121.027828,24.813884,b
1287,121.03251,24.814431,a
1288,121.010214,24.83324,b
1289,121.019572,24.828919,a
1290,121.014024,24.829427,b
1291,121.013282,24.832305,a
1292,121.011632,24.834443,b
1293,121.01323,24.832303,a
1294,121.01966,24.835861,b
1295,121.029013,24.819708,a
1296,121.018271,24.834778,b
1297,121.014422,24.832238,a
1298,121.012305,24.836681,b
1299,121.019676,24.823713,a
1300,121.018309,24.832337,b
1301,121.012265,24.832354,a
1302,121.015158,24.82845,b
1303,121.001068,24.843839,a
1304,121.014862,24.822236,b
1305,121.010502,24.835456,a
1306,121.011265,24.831595,b
1307,121.018638,24.832995,a
1308,121.018271,24.834778,b
1309,121.012496,24.830096,a
1310,121.018147,24.831952,b
1311,121.015381,24.82608,a
1312,121.016217,24.829576,b
1313,121.014024,24.829427,a
1314,121.016569,24.819559,b
1315,121.009284,24.83348,a
1316,121.01577,24.836998,b
1317,121.089518,24.732615,a
1318,121.004819,24.835898,b
1319,121.017815,24.833736,a
1320,120.969519,24.868985,b
1321,121.01577,24.836998,a
1322,121.010421,24.829044,b
1323,121.014583,24.82508,a
1324,120.997436,24.847574,b
1325,121.010601,24.824827,a
1326,121.014479,24.824446,b
1327,121.009036,24.819551,a
1328,121.013297,24.822003,b
1329,121.008185,24.836146,a
1330,120.983584,24.853502,b
1331,121.010121,24.823461,a
1332,121.011832,24.834526,b
1333,121.013297,24.822003,a
1334,120.999391,24.837008,b
1335,121.006409,24.828649,a
1336,121.020658,24.811723,b
1337,121.010678,24.822454,a
1338,121.013297,24.822003,b
1339,120.997436,24.847574,a
1340,121.005553,24.840503,b
1341,121.014422,24.832238,a
1342,121.017815,24.833736,b
1343,121.014862,24.822236,a
1344,121.082308,24.747195,b
1345,121.0147,24.82101,a
1346,121.013297,24.822003,b
1347,121.013297,24.822003,a
1348,121.013297,24.822003,b
1349,121.03876,24.810501,a
1350,121.015818,24.825938,b
1351,121.0147,24.82101,a
1352,121.000834,24.828399,b
1353,121.010421,24.829044,a
1354,121.02022,24.830141,b
1355,121.010421,24.829044,a
1356,121.02022,24.830141,b
1357,121.015381,24.82608,a
1358,121.025752,24.823676,b
1359,121.024088,24.824104,a
1360,121.013297,24.822003,b
1361,121.085186,24.741994,a
1362,121.015381,24.82608,b
1363,121.015381,24.82608,a
1364,121.015381,24.82608,b
1365,121.002088,24.827722,a
1366,121.015047,24.827782,b
1367,121.012591,24.83676,a
1368,121.015381,24.82608,b
1369,121.015047,24.827782,a
1370,121.010421,24.829044,b
1371,121.014583,24.82508,a
1372,121.014583,24.82508,b
1373,121.027721,24.819589,a
1374,121.014583,24.82508,b
1375,121.018638,24.835012,a
1376,121.014583,24.82508,b
1377,121.026932,24.83028,a
1378,121.006667,24.836178,b
1379,121.015381,24.82608,a
1380,121.010421,24.829044,b
1381,121.030232,24.809168,a
1382,121.014583,24.82508,b
1383,121.010421,24.829044,a
1384,121.013294,24.838627,b
1385,121.019978,24.829536,a
1386,120.999391,24.837008,b
1387,121.014479,24.824446,a
1388,121.007673,24.834636,b
1389,121.009634,24.837647,a
1390,121.017897,24.831158,b
1391,121.014479,24.824446,a
1392,121.017897,24.831158,b
1393,121.050568,24.771985,a
1394,121.015381,24.82608,b
1395,121.009036,24.819551,a
1396,121.056156,24.79509,b
1397,121.015381,24.82608,a
1398,121.015381,24.82608,b
1399,121.013806,24.843643,a
1400,121.010427,24.83883,b
1401,120.999217,24.831328,a
1402,121.002592,24.840047,b
1403,121.015047,24.827782,a
1404,121.015381,24.82608,b
1405,121.014479,24.824446,a
1406,120.999391,24.837008,b
1407,121.014583,24.82508,a
1408,121.027364,24.810647,b
1409,121.017815,24.833736,a
1410,120.999391,24.837008,b
1411,121.015381,24.82608,a
1412,121.011836,24.835235,b
1413,121.012496,24.830096,a
1414,121.015381,24.82608,b
1415,121.016593,24.83019,a
1416,121.011328,24.833678,b
1417,121.024113,24.821588,a
1418,121.015381,24.82608,b
1419,121.00861,24.824871,a
1420,121.014583,24.82508,b
1421,121.019813,24.83575,a
1422,121.006409,24.828649,b
1423,121.015047,24.827782,a
1424,121.015381,24.82608,b
1425,121.007271,24.828991,a
1426,121.018271,24.834778,b
1427,121.018271,24.834778,a
1428,121.015381,24.82608,b
1429,121.018151,24.829541,a
1430,121.018996,24.840974,b
1431,121.018151,24.829541,a
1432,121.006661,24.831349,b
1433,121.015381,24.82608,a
1434,121.002088,24.827722,b
1435,121.015381,24.82608,a
1436,121.007271,24.828991,b
1437,121.02383,24.813131,a
1438,121.015381,24.82608,b
1439,121.025752,24.823676,a
1440,121.015381,24.82608,b
1441,121.017231,24.826395,a
1442,121.002088,24.827722,b
1443,121.003214,24.829842,a
1444,121.015381,24.82608,b
1445,121.015381,24.82608,a
1446,121.002029,24.828423,b
1447,121.018151,24.829541,a
1448,121.002088,24.827722,b
1449,121.008909,24.828419,a
1450,121.021774,24.809257,b
1451,121.002394,24.831582,a
1452,121.025752,24.823676,b
1453,121.029447,24.820116,a
1454,121.030232,24.809168,b
1455,121.029013,24.819708,a
1456,121.018996,24.840974,b
1457,121.032419,24.807013,a
1458,121.010421,24.829044,b
1459,121.015381,24.82608,a
1460,121.002592,24.840047,b
1461,121.009406,24.825231,a
1462,121.006755,24.832167,b
1463,121.009134,24.830272,a
1464,121.008431,24.829548,b
1465,121.008579,24.836105,a
1466,121.015381,24.82608,b
1467,121.002394,24.831582,a
1468,121.014583,24.82508,b
1469,121.015047,24.827782,a
1470,121.015047,24.827782,b
1471,121.018151,24.829541,a
1472,121.017815,24.833736,b
1473,121.010421,24.829044,a
1474,121.008909,24.828419,b
1475,121.015381,24.82608,a
1476,121.016217,24.829576,b
1477,121.016217,24.829576,a
1478,121.006755,24.832167,b
1479,121.015381,24.82608,a
1480,121.010678,24.822454,b
1481,121.007391,24.831522,a
1482,121.010421,24.829044,b
1483,121.0147,24.82101,a
1484,121.026932,24.83028,b
1485,121.025689,24.826549,a
1486,121.033839,24.822889,b
1487,121.028782,24.826351,a
1488,121.028513,24.82592,b
1489,121.026405,24.828812,a
1490,121.027394,24.830361,b
1491,121.025958,24.830661,a
1492,121.015381,24.82608,b
1493,121.026555,24.82808,a
1494,120.975612,24.840798,b
1495,121.032016,24.824812,a
1496,120.948792,24.850886,b
1497,120.955187,24.847669,a
1498,120.990447,24.833147,b
1499,121.007081,24.828808,a
1500,121.0304,24.817439,b
1501,121.019758,24.846439,a
1502,120.965154,24.842968,b
1503,120.999226,24.850393,a
1504,121.011328,24.833678,b
1505,120.983584,24.853502,a
1506,120.975902,24.844293,b
1507,120.967631,24.847794,a
1508,121.011836,24.835235,b
1509,120.955196,24.84209,a
1510,121.0098,24.820834,b
1511,121.005003,24.838736,a
1512,121.014363,24.838129,b
1513,121.01577,24.836998,a
1514,121.011347,24.835875,b
1515,121.026487,24.834006,a
1516,121.015558,24.837791,b
1517,121.017815,24.833736,a
1518,121.015558,24.837791,b
1519,121.015261,24.837525,a
1520,121.010306,24.836845,b
1521,121.015261,24.837525,a
1522,121.01966,24.835861,b
1523,121.005003,24.838736,a
1524,121.01577,24.836998,b
1525,121.012957,24.838385,a
1526,121.01966,24.835861,b
1527,121.004776,24.836744,a
1528,121.012591,24.83676,b
1529,121.007673,24.834636,a
1530,121.012461,24.838058,b
1531,121.012771,24.838632,a
1532,121.01966,24.835861,b
1533,121.0125,24.838594,a
1534,121.003334,24.839814,b
1535,121.011807,24.838561,a
1536,121.011328,24.833678,b
1537,121.01966,24.835861,a
1538,121.014363,24.838129,b
1539,121.010808,24.838394,a
1540,121.010805,24.838432,b
1541,121.010306,24.836845,a
1542,121.010268,24.838367,b
1543,121.015381,24.82608,a
1544,121.010531,24.83805,b
1545,121.01577,24.836998,a
1546,121.016064,24.834113,b
1547,121.015668,24.837589,a
1548,121.050932,24.803045,b
1549,121.013374,24.832427,a
1550,121.019978,24.829536,b
1551,121.013374,24.832427,a
1552,121.015668,24.837589,b
1553,121.017815,24.833736,a
1554,121.012591,24.83676,b
1555,121.010306,24.836845,a
1556,121.012273,24.837723,b
1557,121.018103,24.835895,a
1558,121.014422,24.832238,b
1559,121.011592,24.837495,a
1560,121.012591,24.83676,b
1561,121.011855,24.83698,a
1562,121.016217,24.829576,b
1563,121.019813,24.83575,a
1564,121.016077,24.833953,b
1565,121.089231,24.733489,a
1566,121.018996,24.840974,b
1567,121.025752,24.823676,a
1568,121.01879,24.833166,b
1569,121.018996,24.840974,a
1570,121.026487,24.834006,b
1571,121.013297,24.822003,a
1572,121.096793,24.727496,b
1573,121.01577,24.836998,a
1574,121.024959,24.832287,b
1575,121.016593,24.83019,a
1576,121.015381,24.82608,b
1577,121.015381,24.82608,a
1578,121.018996,24.840974,b
1579,121.024959,24.832287,a
1580,120.999391,24.837008,b
1581,120.951942,24.86296,a
1582,121.007902,24.837792,b
1583,121.000357,24.831219,a
1584,121.019276,24.835211,b
1585,120.999391,24.837008,a
1586,121.013297,24.822003,b
1587,121.013484,24.820976,a
1588,120.999217,24.831328,b
1589,121.015668,24.837589,a
1590,120.961143,24.861973,b
1591,120.960016,24.865771,a
1592,120.983584,24.853502,b
1593,120.961143,24.861973,a
1594,120.969519,24.868985,b
1595,120.951342,24.86195,a
1596,121.027828,24.813884,b
1597,121.0304,24.817439,a
1598,121.022585,24.811634,b
1599,121.027364,24.810647,a
1600,121.037601,24.806915,b
1601,121.0334,24.807849,a
1602,121.024769,24.811926,b
1603,121.026943,24.811667,a
1604,121.026943,24.811667,b
1605,121.028411,24.809846,a
1606,121.027721,24.819589,b
1607,121.008579,24.836105,a
1608,121.026419,24.816395,b
1609,121.025752,24.823676,a
1610,121.02398,24.812601,b
1611,121.027267,24.809183,a
1612,121.013297,24.822003,b
1613,121.018801,24.819239,a
1614,121.022585,24.811634,b
1615,121.024166,24.813251,a
1616,121.022585,24.811634,b
1617,121.02398,24.812601,a
1618,121.012496,24.830096,b
1619,121.0334,24.807849,a
1620,121.027364,24.810647,b
1621,121.014583,24.82508,a
1622,121.029013,24.819708,b
1623,120.996848,24.82571,a
1624,120.996848,24.82571,b
1625,121.027828,24.813884,a
1626,121.016593,24.83019,b
1627,121.082421,24.748457,a
1628,121.027721,24.819589,b
1629,121.022585,24.811634,a
1630,121.013297,24.822003,b
1631,121.015381,24.82608,a
1632,121.037193,24.807379,b
1633,121.024113,24.821588,a
1634,121.030232,24.809168,b
1635,121.021992,24.819575,a
1636,121.022585,24.811634,b
1637,121.0334,24.807849,a
1638,121.015381,24.82608,b
1639,121.015381,24.82608,a
1640,121.03207,24.806204,b
1641,121.022585,24.811634,a
1642,121.022585,24.811634,b
1643,121.018801,24.819239,a
1644,121.047446,24.807211,b
1645,121.015381,24.82608,a
1646,121.025752,24.823676,b
1647,121.013297,24.822003,a
1648,121.013484,24.820976,b
1649,121.018996,24.840974,a
1650,121.04004,24.805702,b
1651,121.02398,24.812601,a
1652,121.026292,24.816519,b
1653,121.015158,24.82845,a
1654,121.024334,24.809363,b
1655,121.027364,24.810647,a
1656,121.018801,24.819239,b
1657,121.030232,24.809168,a
1658,121.04004,24.805702,b
1659,121.038999,24.810532,a
1660,121.038844,24.810594,b
1661,121.014479,24.824446,a
1662,121.033003,24.808507,b
1663,121.030232,24.809168,a
1664,121.036746,24.804523,b
1665,121.018801,24.819239,a
1666,121.018801,24.819239,b
1667,121.02796,24.819125,a
1668,121.025705,24.809451,b
1669,121.013297,24.822003,a
1670,121.02398,24.812601,b
1671,121.024334,24.809363,a
1672,121.024334,24.809363,b
1673,121.027828,24.813884,a
1674,121.013752,24.820209,b
1675,121.030232,24.809168,a
1676,121.013752,24.820209,b
1677,121.024334,24.809363,a
1678,121.028956,24.819032,b
1679,121.030232,24.809168,a
1680,121.025752,24.823676,b
1681,121.03291,24.802514,a
1682,121.094279,24.725336,b
1683,121.08285,24.744221,a
1684,121.024334,24.809363,b
1685,121.022585,24.811634,a
1686,121.026943,24.811667,b
1687,121.027828,24.813884,a
1688,121.026487,24.834006,b
1689,121.028956,24.819032,a
1690,121.022659,24.809391,b
1691,121.024166,24.813251,a
1692,121.044805,24.765183,b
1693,121.024769,24.811926,a
1694,121.02398,24.812601,b
1695,121.027364,24.810647,a
1696,121.0334,24.807849,b
1697,121.022585,24.811634,a
1698,121.026292,24.816519,b
1699,121.032536,24.823337,a
1700,121.032536,24.823337,b
1701,121.022328,24.811343,a
1702,121.026292,24.816519,b
1703,121.026292,24.816519,a
1704,121.022328,24.811343,b
1705,121.028748,24.809964,a
1706,121.024769,24.811926,b
1707,121.024769,24.811926,a
1708,121.016593,24.83019,b
1709,121.028748,24.809964,a
1710,121.028956,24.819032,b
1711,121.013297,24.822003,a
1712,121.018801,24.819239,b
1713,121.018801,24.819239,a
1714,121.025689,24.826549,b
1715,121.03207,24.806204,a
1716,121.027828,24.813884,b
1717,121.026943,24.811667,a
1718,121.022659,24.809391,b
1719,121.027364,24.810647,a
1720,121.022659,24.809391,b
1721,121.033839,24.822889,a
1722,121.029415,24.807014,b
1723,121.015339,24.822034,a
1724,121.022589,24.821032,b
1725,121.03232,24.808176,a
1726,121.024334,24.809363,b
1727,121.02383,24.813131,a
1728,121.051579,24.77134,b
1729,121.024334,24.809363,a
1730,24.891874,120.973604,b
1731,24.879013,120.999638,a
1732,24.881155,121.001801,b
1733,24.768374,121.000381,a
1734,24.777451,121.090202,b
1735,24.776338,120.997322,a
1736,24.900945,120.992334,b
1737,24.876584,120.993859,a
1738,24.885259,121.010374,b
1739,24.891874,120.973604,a
1740,24.869344,120.988509,b
1741,24.757807,121.092429,a
1742,24.837737,120.999435,b
1743,24.881064,121.000131,a
1744,24.877933,121.005526,b
1745,24.872855,120.981509,a
1746,24.884824,121.001232,b
1747,24.874406,120.994497,a
1748,24.77332,121.000218,b
1749,24.874655,120.986418,a
1750,24.88157,121.005175,b
1751,24.783261,121.075247,a
1752,24.77513,121.06128,b
1753,24.864199,120.990751,a
1754,24.77825,121.076755,b
1755,24.777451,121.090202,a
1756,24.881074,121.000088,b
1757,24.902108,120.988413,a
1758,24.829106,121.012947,b
1759,24.78413,121.091166,a
1760,24.894386,121.011515,b
1761,24.764635,121.088864,a
1762,24.881064,121.000102,b
1763,24.876623,120.993948,a
1764,24.713988,121.114351,b
1765,24.864199,120.990751,a
1766,24.875956,120.996718,b
1767,24.877523,120.984558,a
1768,24.881078,121.001832,b
1769,24.764212,121.002906,a
1770,24.909467,120.97412,b
1771,24.901061,120.987691,a
1772,24.777451,121.090202,b
1773,24.87132,120.998329,a
1774,24.87132,120.998329,b
1775,24.777451,121.090202,a
1776,24.864199,120.990751,b
1777,24.864199,120.990751,a
1778,24.893292,121.005754,b
1779,24.88157,121.005199,a
1780,24.774521,120.990888,b
1781,24.778291,121.092575,a
1782,24.705344,121.182288,b
1783,24.900309,120.986989,a
1784,24.876959,120.996237,b
1785,24.892641,120.987378,a
1786,24.880929,121.005668,b
1787,24.869724,120.991311,a
1788,24.880929,121.005668,b
1789,24.776629,121.089425,a
1790,24.743411,121.105754,b
1791,24.759502,121.091796,a
1792,24.774711,121.073964,b
1793,24.773413,121.081883,a
1794,24.79012,121.074817,b
1795,24.743686,121.135787,a
1796,24.705606,121.105988,b
1797,24.730014,121.088928,a
1798,24.869389,120.991706,b
1799,24.835,121.021558,a
1800,24.773188,121.082457,b
1801,24.743899,121.085088,a
1802,24.704639,121.182853,b
1803,24.737069,121.123236,a
1804,24.714052,121.113828,b
1805,24.770613,121.105057,a
1806,24.701371,121.18169,b
1807,24.715314,121.125523,a
1808,24.865107,120.987016,b
1809,24.90147,120.983491,a
1810,24.87829,121.005874,b
1811,24.875966,120.996713,a
1812,24.778212,121.076766,b
1813,24.776585,121.078428,a
1814,24.903889,120.986676,b
1815,24.725272,121.131259,a
1816,24.735005,121.11999,b
1817,24.882756,120.994008,a
1818,24.882015,120.986967,b
1819,24.877831,121.010343,a
1820,24.911455,120.97923,b
1821,24.909982,120.976222,a
1822,24.870399,120.996999,b
1823,24.894136,120.989085,a
1824,24.736323,121.123342,b
1825,24.880912,121.001779,a
1826,24.902118,120.988391,b
1827,24.888146,121.018202,a
1828,24.887193,120.95731,b
1829,24.869464,120.99607,a
1830,24.876565,120.993934,b
1831,24.77419,121.080169,a
1832,24.888945,120.980386,b
1833,24.888945,120.980386,a
1834,24.761389,120.978657,b
1835,24.837552,121.010243,a
1836,24.885489,120.996613,b
1837,24.870095,120.999159,a
1838,24.743935,121.085122,b
1839,24.870706,120.986873,a
1840,24.778412,121.091023,b
1841,24.880742,121.007986,a
1842,24.863064,120.991422,b
1843,24.776003,121.077782,a
1844,24.869493,120.996082,b
1845,24.729732,121.002994,a
1846,24.877362,120.997542,b
1847,24.87163,120.997854,a
1848,24.920449,120.981614,b
1849,24.925663,120.987773,a
1850,24.875531,120.998037,b
1851,24.874034,120.99712,a
1852,24.870192,120.995476,b
1853,24.884422,120.990474,a
1854,24.930545,121.029499,b
1855,24.877665,120.997036,a
1856,24.876032,120.992701,b
1857,24.877554,120.997346,a
1858,24.911393,120.981069,b
1859,24.911039,120.976897,a
1860,24.873278,121.025604,b
1861,24.868838,120.991504,a
1862,24.870809,120.991492,b
1863,24.86939,120.991685,a
1864,24.870574,120.993488,b
1865,24.867517,120.990745,a
1866,24.87467,120.986402,b
1867,24.910508,120.992493,a
1868,24.901616,120.988417,b
1869,24.9019,120.984779,a
1870,24.875491,120.998028,b
1871,24.778445,121.077457,a
1872,24.779963,121.07705,b
1873,24.774271,121.080165,a
1874,24.766586,121.080613,b
1875,24.7514,121.097921,a
1876,24.705711,121.181559,b
1877,24.707668,121.178777,a
1878,24.704226,121.180987,b
1879,24.621802,121.115527,a
1880,24.721213,121.136529,b
1881,24.72374,121.130466,a
1882,24.717019,121.141069,b
1883,24.718454,121.141758,a
1884,24.751981,120.991803,b
1885,24.732944,121.003136,a
1886,24.712456,120.99579,b
1887,24.749904,121.043919,a
1888,24.757406,120.981605,b
